B001UJEN6C,B001EO7I38
B000G6RYNE,B001LG945O
B000G6RYNE,B001LGGH40
B000G6RYNE,B001E5E1NM
B000G6RYNE,B0058AMY74
B000G6RYNE,B005DDCKJ8
B000G6RYNE,B001RQAVKK
B000G6RYNE,B000ICO8GW
B000G6MBX2,B0013LWJ1S
B000G6MBX2,B000EGZ9AG
B0018DQFPC,B000G7UDPY
B0018DQFPC,B000O3HWN6
B0018DQFPC,B001O2DE1U
B000HDMUQ2,B000YSTH16
B000ER6YO0,B000ARTNR4
B000ER6YO0,B000ER1DIM
B000ER6YO0,B001O2IX8E
B001EQ4DVQ,B001E4Q5WI
B0025ULYKI,B001LGGH40
B001HTI226,B001LG945O
B001E50UEQ,B00016UX0K
B001E50UEQ,B00110FN28
B001E50UEQ,B001E6K67Q
B001E50UEQ,B000E1FXLG
B001E50UEQ,B000FA15RW
B001E50UEQ,B001EQ4RWQ
B001E50UEQ,B000V6HQPK
B001E50UEQ,B001TZJ3OE
B000E7WM0K,B000FNEX50
B001CWZXIY,B00139TT72
B001RVFDOO,B000EH2AMA
B001RVFDOO,B001LGGH40
B001RVFDOO,B0013NUGDE
B001RVFDOO,B007M83302
B000F4EU52,B000E3ZFIK
B000F4EU52,B000DZKKKM
B000F4EU52,B001BOAOQ4
B000ARTNR4,B000ER6YO0
B000ARTNR4,B001O2IX8E
B0002Z9BF8,B000IHXML4
B000E5C1YE,B000V8XXWS
B0004MZVIA,B001G2F5R4
B000EH2AMA,B001RVFDOO
B000G7UDPY,B0018DQFPC
B000G7UDPY,B000O3HWN6
B000G7UDPY,B001O2DE1U
B000EGX2EG,B001LG945O
B000EGX2EG,B001LGGH40
B0016FY6H6,B001O832J8
B0016FY6H6,B0016FRI8A
B003NDA970,B001DIM8K8
B0085G4ACA,B00139TT72
B0085G4ACA,B00622CYVS
B0085G4ACA,B00622CYVI
B0085G4ACA,B001NJI7GQ
B0085G4ACA,B005DDCKJ8
B0085G4ACA,B005GRAT4O
B0085G4ACA,B0085G4A7U
B000F9Z1WI,B000G7VYWU
B000HKJNKQ,B001CD1VI4
B000HKJNKQ,B0013NUGDE
B000HKJNKQ,B007M83302
B000HKJNKQ,B000EMOD4I
B000ER1DIM,B000ER6YO0
B000ER1DIM,B0009F3SAA
B000YSTH16,B000HDMUQ2
B00016UX0K,B001E50UEQ
B00016UX0K,B00110FN28
B00016UX0K,B001LG945O
B00016UX0K,B001E6K67Q
B00016UX0K,B000E1FXLG
B00016UX0K,B0002HAB32
B00016UX0K,B000FA15RW
B00016UX0K,B001EQ4RWQ
B00016UX0K,B000V6HQPK
B00016UX0K,B000S15BMS
B00016UX0K,B001TZJ3OE
B000X2CWTM,B000ES3LMC
B000X2CWTM,B0013NUGDE
B000X2CWTM,B007M83302
B000X2CWTM,B000EGZ9AQ
B002979DP0,B001LG945O
B000VSDFRG,B000E1FXLG
B000VSDFRG,B002DLXXHG
B000VSDFRG,B000FZ0TL0
B00110FN28,B001E50UEQ
B00110FN28,B00016UX0K
B00110FN28,B000H227BG
B00110FN28,B001E6K67Q
B00110FN28,B001LGGH40
B00110FN28,B000E1FXLG
B00110FN28,B001ONPN9K
B00110FN28,B001E4S7WE
B00110FN28,B000FA15RW
B00110FN28,B002DLXXHG
B00110FN28,B000EMOD48
B00110FN28,B001EQ4RWQ
B00110FN28,B000V6HQPK
B00110FN28,B001TZJ3OE
B000UZVPKO,B000FZRYPO
B000UZVPKO,B000V1RBSC
B000E5AO8O,B000JWEE74
B000E5AO8O,B0013NUGDE
B000E5AO8O,B000WHPNI0
B000E5AO8O,B007M83302
B000E5AO8O,B0006VB3TA
B00139TT72,B001CWZXIY
B00139TT72,B0085G4ACA
B00139TT72,B001NJI7GQ
B00139TT72,B001E5E1NM
B00139TT72,B001P3NU30
B00139TT72,B0085G4A7U
B002FVQX3A,B001ELL6WA
B000H25QVO,B0016BFR4G
B000E3ZFIK,B000F4EU52
B000E3ZFIK,B000DZKKKM
B000E3ZFIK,B001BOAOQ4
B0028VAQSU,B000DZFMEQ
B000G1X456,B000G1X45G
B00622CYVS,B0085G4ACA
B00622CYVS,B00622CYVI
B00622CYVS,B001NJI7GQ
B00622CYVS,B005DDCKJ8
B00622CYVS,B005GRAT4O
B00622CYVI,B0085G4ACA
B00622CYVI,B00622CYVS
B00622CYVI,B001NJI7GQ
B00622CYVI,B001EQ4LAE
B00622CYVI,B005DDCKJ8
B00622CYVI,B005GRAT4O
B001EQ5DHE,B000V6HQPA
B000G1X45G,B000G1X456
B000FPWTHW,B001A47SLE
B001DIM8K8,B003NDA970
B001DIM8K8,B001EPPCFS
B001O2IX8E,B000ER6YO0
B001O2IX8E,B000ARTNR4
B001O2IX8E,B005GRAT4O
B000H227BG,B00110FN28
B000H227BG,B001LGGH40
B000H227BG,B001E4S7WE
B000H227BG,B001EO69NS
B000H227BG,B000FA15RW
B000H227BG,B002DLXXHG
B000H227BG,B003CK2BQG
B001AW9PTO,B003EML8PM
B001AW9PTO,B000GW46D4
B001AW9PTO,B000LKVDO6
B000R4DWC2,B001EO61AO
B000FNEX50,B000E7WM0K
B000FNEX50,B000EVIDUY
B001LG945O,B000G6RYNE
B001LG945O,B001HTI226
B001LG945O,B000EGX2EG
B001LG945O,B00016UX0K
B001LG945O,B002979DP0
B001LG945O,B0034KP00S
B001LG945O,B0027YXQ4Y
B001LG945O,B001E55XPW
B001LG945O,B001LGGH40
B001LG945O,B001H0FHXW
B001LG945O,B001BDDTB2
B001LG945O,B0029JG4DM
B001LG945O,B002BCE9JS
B001LG945O,B000VK2W6O
B001LG945O,B0051TPWUI
B001LG945O,B0058AMY74
B001LG945O,B001HTIR6C
B001LG945O,B000HDOPJW
B001LG945O,B000I1RHMU
B001LG945O,B000S15BMS
B001LG945O,B005GIF5VU
B001LG945O,B001TZJ3OE
B000ES3LMC,B000X2CWTM
B001EPQQL2,B000F70SO6
B00126EQ88,B00126EQ8I
B001YJ8ITG,B000FA15IG
B000G7VYWU,B000F9Z1WI
B001A47SLE,B000FPWTHW
B00126EQ8I,B00126EQ88
B00166D8TW,B001E0T29K
B0012KH06Y,B0012KB4WU
B0012KH06Y,B000G7P50M
B0012KH06Y,B0012KH0CS
B001E6K67Q,B001E50UEQ
B001E6K67Q,B00016UX0K
B001E6K67Q,B00110FN28
B001E6K67Q,B000E1FXLG
B001E6K67Q,B000FA15RW
B001E6K67Q,B001EQ4RWQ
B001E6K67Q,B000V6HQPK
B001E6K67Q,B001TZJ3OE
B0012KB4M0,B001P3NU30
B000E1588O,B00032IFCU
B001F9CRJC,B002QWP89S
B000BXUVYG,B005GIF5VU
B000LKZ84C,B000GFYRIA
B0092X7OGY,B001M2B8QK
B0092X7OGY,B0092X7NGU
B000JWEE74,B000E5AO8O
B000KFXEYE,B001H0FHXW
B001CGTN1I,B001LGGH40
B001CGTN1I,B001BDDTB2
B001CGTN1I,B001DST6IK
B001CGTN1I,B0083QJU72
B001CGTN1I,B000I1RHMU
B0007ZLRUU,B0007ZKS00
B0007ZLRUU,B0007ZPY2C
B0007ZLRUU,B0007ZNW1W
B003EML8PM,B001AW9PTO
B003EML8PM,B000AY9U20
B0009JHVN6,B0017363E6
B001KVNDM0,B000BF54MS
B000BQUUTO,B000WHPNI0
B001E4Q5WI,B001EQ4DVQ
B0034KP00S,B001LG945O
B0034KP00S,B00141UC9I
B0034KP00S,B001LGGH40
B0034KP00S,B0021L8XT6
B0034KP00S,B0051TPWUI
B0034KP00S,B000EYRBSQ
B0034KP00S,B001AJ1ULS
B001NJI7GQ,B0085G4ACA
B001NJI7GQ,B00139TT72
B001NJI7GQ,B00622CYVS
B001NJI7GQ,B00622CYVI
B001NJI7GQ,B005DDCKJ8
B001NJI7GQ,B005GRAT4O
B001NJI7GQ,B0085G4A7U
B002TSHYSW,B002C50X1M
B00213ERI0,B001BDDTB2
B00213ERI0,B001ACMCNA
B0007ZKS00,B0007ZLRUU
B0007ZKS00,B0007ZPY2C
B0007ZKS00,B0007ZNW1W
B0029KJ5BE,B000II27QE
B0029KJ5BE,B000FBQ594
B0019IPKFC,B002KE33QC
B000O3HWN6,B0018DQFPC
B000O3HWN6,B000G7UDPY
B000O3HWN6,B001O2DE1U
B002ULC4F6,B000F9XBJ8
B0012KB4WU,B0012KH06Y
B0012KB4WU,B000G7P50M
B0012KB4WU,B0012KH0CS
B001CD1VI4,B000HKJNKQ
B001CD1VI4,B001LGGH40
B001CD1VI4,B00008JOL0
B001CD1VI4,B0013NUGDE
B001CD1VI4,B007M83302
B001CD1VI4,B000EMOD4I
B001CD1VI4,B000F6SNPS
B001EQ4LEA,B000OQ2DJ6
B00141UC9I,B0034KP00S
B00141UC9I,B001E5DQGK
B00141UC9I,B001E5DQGU
B00141UC9I,B000F0BXCE
B00141UC9I,B001LGGH40
B00141UC9I,B0021L8XT6
B00141UC9I,B0051TPWUI
B00141UC9I,B005DDCKJ8
B00141UC9I,B000EYRBSQ
B00141UC9I,B001AJ1ULS
B0019SA1MY,B000NNGQRA
B000FBM3YK,B0013NUGDE
B000FBM3YK,B007M83302
B000FBM3YK,B000FBQ594
B000FBM3YK,B001EO63H0
B000FBM3YK,B000FBO9LK
B001AHJMWO,B001EPPYME
B001O2DE1U,B0018DQFPC
B001O2DE1U,B000G7UDPY
B001O2DE1U,B000O3HWN6
B001O2DE1U,B000YSS7EO
B001O2DE1U,B001QTKZ1I
B000EW0XFQ,B001CWV4PA
B0018Z5V7I,B001LGGH40
B0018Z5V7I,B004P8JNFQ
B0018Z5V7I,B000V9PH4O
B0018Z5V7I,B003CK2BQG
B000FKL0EU,B001EO69NS
B000FKL0EU,B000EGZ9AG
B001EO6FTQ,B001FA1MF6
B000YV7WBU,B0024VCX6M
B000EVT04C,B001ELL8CS
B001E5DQGK,B00141UC9I
B001E5DQGK,B001E5DQGU
B001E5DQGK,B001LGGH40
B001E5DQGK,B001AJ1ULS
B002MXSAD2,B0027UQYZQ
B000LQLV6U,B000ESNDZW
B001E5DQGU,B00141UC9I
B001E5DQGU,B001E5DQGK
B001E5DQGU,B001LGGH40
B001E5DQGU,B001AJ1ULS
B000AY9U20,B003EML8PM
B0024VCX6M,B000YV7WBU
B002KE33QC,B0019IPKFC
B001G2F5R4,B0004MZVIA
B000BHREYW,B000255OIG
B000BHREYW,B000E1DSQS
B000BHREYW,B000LKVDO6
B000BHREYW,B0002I0GVI
B0027YXQ4Y,B001LG945O
B000F0BXCE,B00141UC9I
B000F0BXCE,B000F0BXC4
B000F0BXCE,B005DDCKJ8
B000F0BXCE,B001AJ1ULS
B001CWV4PA,B000EW0XFQ
B001CWV4PA,B001E5DYSK
B001CWV4PA,B000FKAYO2
B001CWV4PA,B001ACNWY8
B000DZKKK2,B000DZKKKC
B000DZKKK2,B001EQ4LAE
B000DZKKKM,B000F4EU52
B000DZKKKM,B000E3ZFIK
B000DZKKKM,B001BOAOQ4
B000DZKKKC,B000DZKKK2
B000DZKKKC,B001EQ4LAE
B000UVKZXQ,B0013NUGDE
B000UVKZXQ,B000LLM8DU
B000UVKZXQ,B007M83302
B000EGZ99M,B006N3I84I
B0000CDBRZ,B0000CDBRY
B0000CDBRY,B0000CDBRZ
B001E55XPW,B001LG945O
B001E55XPW,B001LGGH40
B0013E21V8,B001BCVE5G
B000PG1D1O,B00014H710
B000255OIG,B000BHREYW
B000255OIG,B000KV61FC
B000255OIG,B000E1DSQS
B000255OIG,B000LKVDO6
B000255OIG,B0002I0GVI
B001UFP1QC,B002R81L92
B000PDRYPQ,B000FFHT68
B000II27QE,B0029KJ5BE
B000II27QE,B000FBQ594
B0017DFHMU,B000KIA2CS
B000FNADD6,B003CK2BQG
B001LGGH40,B000G6RYNE
B001LGGH40,B0025ULYKI
B001LGGH40,B001RVFDOO
B001LGGH40,B000EGX2EG
B001LGGH40,B00110FN28
B001LGGH40,B000H227BG
B001LGGH40,B001LG945O
B001LGGH40,B001CGTN1I
B001LGGH40,B0034KP00S
B001LGGH40,B001CD1VI4
B001LGGH40,B00141UC9I
B001LGGH40,B0018Z5V7I
B001LGGH40,B001E5DQGK
B001LGGH40,B001E5DQGU
B001LGGH40,B001E55XPW
B001LGGH40,B004P8JNFQ
B001LGGH40,B001H0FHXW
B001LGGH40,B001BDDTB2
B001LGGH40,B002QWP89S
B001LGGH40,B0051TPWUI
B001LGGH40,B000HDOP06
B001LGGH40,B0058AMY74
B001LGGH40,B001E4S7WE
B001LGGH40,B000V9PH4O
B001LGGH40,B001EQ5F9K
B001LGGH40,B000FA15RW
B001LGGH40,B001AJ1ULS
B001LGGH40,B000LKVDUU
B001LGGH40,B000I1RHMU
B001LGGH40,B002DLXXHG
B001LGGH40,B001FA1LL6
B001LGGH40,B003CK2BQG
B001LGGH40,B000F6SNPS
B001LGGH40,B000E7QYNG
B000PIQF8S,B001ACMCNA
B000EH0RU2,B003CK2BQG
B000EVIDUY,B000FNEX50
B000EVIDUY,B000DZFMEQ
B004P8JNFQ,B0018Z5V7I
B004P8JNFQ,B001LGGH40
B004P8JNFQ,B000V9PH4O
B004P8JNFQ,B003CK2BQG
B000CMIYWM,B000CMIYWC
B000CMIYWC,B000CMIYWM
B000IHXML4,B0002Z9BF8
B001EQ4LAE,B00622CYVI
B001EQ4LAE,B000DZKKK2
B001EQ4LAE,B000DZKKKC
B00008JOL0,B001CD1VI4
B000FFRU3U,B000FFPXJ8
B0007ZPY2C,B0007ZLRUU
B0007ZPY2C,B0007ZKS00
B0007ZPY2C,B0007ZNW1W
B000F4H5FY,B000EVMNNC
B000OQ2DJ6,B001EQ4LEA
B001H0FHXW,B001LG945O
B001H0FHXW,B000KFXEYE
B001H0FHXW,B001LGGH40
B001O832J8,B0016FY6H6
B001O832J8,B0016FRI8A
B000GZYAT6,B000E18CS2
B0016BFR4G,B000H25QVO
B000084ETV,B000EH2QP6
B000084ETV,B000EH2QPQ
B002C50X1M,B002TSHYSW
B0001GDE1K,B000ND3JBG
B001BDDTB2,B001LG945O
B001BDDTB2,B001CGTN1I
B001BDDTB2,B00213ERI0
B001BDDTB2,B001LGGH40
B001EPPYME,B001AHJMWO
B001EPPCFS,B001DIM8K8
B002QWP89S,B001F9CRJC
B002QWP89S,B001LGGH40
B000KV61FC,B000255OIG
B000KV61FC,B0021L8XT6
B000KV61FC,B0015G862M
B000KV61FC,B003CK2BQG
B0029JG4DM,B001LG945O
B001YJBO4M,B000ST9GCQ
B000KIA2CS,B0017DFHMU
B002BCE9JS,B001LG945O
B002BCE9JS,B000LKVDO6
B002BCE9JS,B000E18CS2
B0013LWJ1S,B000G6MBX2
B0013LWJ1S,B000EGZ9AG
B001EO61AO,B000R4DWC2
B0036QHQ5C,B001BCVE5G
B000FFHT68,B000PDRYPQ
B001M2B8QK,B0092X7OGY
B001M2B8QK,B0092X7NGU
B001E96JY2,B001E96JYC
B000E1FXLG,B001E50UEQ
B000E1FXLG,B00016UX0K
B000E1FXLG,B000VSDFRG
B000E1FXLG,B00110FN28
B000E1FXLG,B001E6K67Q
B000E1FXLG,B000FA15RW
B000E1FXLG,B002DLXXHG
B000E1FXLG,B001EQ4RWQ
B000E1FXLG,B000FZ0TL0
B000E1FXLG,B000V6HQPK
B000E1FXLG,B001TZJ3OE
B001E5DYSK,B001CWV4PA
B0013NUGDE,B001RVFDOO
B0013NUGDE,B000HKJNKQ
B0013NUGDE,B000X2CWTM
B0013NUGDE,B000E5AO8O
B0013NUGDE,B001CD1VI4
B0013NUGDE,B000FBM3YK
B0013NUGDE,B000UVKZXQ
B0013NUGDE,B007M83302
B0013NUGDE,B000EMOD4I
B0013NUGDE,B000FBO9LK
B001E0T29K,B00166D8TW
B001E5E1NM,B000G6RYNE
B001E5E1NM,B00139TT72
B001E5E1NM,B0058AMY74
B001E5E1NM,B001RQAVKK
B001E5E1NM,B000ICO8GW
B000LLM8DU,B000UVKZXQ
B000LLM8DU,B000LKVDO6
B001E96JYC,B001E96JY2
B000VK2W6O,B001LG945O
B0021L8XT6,B0034KP00S
B0021L8XT6,B00141UC9I
B0021L8XT6,B000KV61FC
B0021L8XT6,B0051TPWUI
B0021L8XT6,B000EYRBSQ
B0021L8XT6,B001AJ1ULS
B001BOAOQ4,B000F4EU52
B001BOAOQ4,B000E3ZFIK
B001BOAOQ4,B000DZKKKM
B00126IBNE,B002DHUCEM
B000FZRYPO,B000UZVPKO
B000V8XXWS,B000E5C1YE
B000EH2QP6,B000084ETV
B000EH2QP6,B000EH2QPQ
B00032IFCU,B000E1588O
B0051TPWUI,B001LG945O
B0051TPWUI,B0034KP00S
B0051TPWUI,B00141UC9I
B0051TPWUI,B001LGGH40
B0051TPWUI,B0021L8XT6
B0051TPWUI,B000EYRBSQ
B0051TPWUI,B001AJ1ULS
B000EH2QPQ,B000084ETV
B000EH2QPQ,B000EH2QP6
B000V1RBSC,B000UZVPKO
B000HDOP06,B001LGGH40
B0015R9BQG,B000LKXJEI
B000EVMNNC,B000F4H5FY
B0007A0PXA,B0007A0PX0
B001ONPN9K,B00110FN28
B001ONPN9K,B000FA15RW
B001ONPN9K,B000EMOD48
B0058AMY74,B000G6RYNE
B0058AMY74,B001LG945O
B0058AMY74,B001LGGH40
B0058AMY74,B001E5E1NM
B0058AMY74,B005DDCKJ8
B0058AMY74,B001RQAVKK
B0058AMY74,B000ICO8GW
B000ST9GCQ,B001YJBO4M
B0007A0PX0,B0007A0PXA
B0002HAB32,B00016UX0K
B0002HAB32,B001TZJ3OE
B000F0BXC4,B000F0BXCE
B0007ZNW1W,B0007ZLRUU
B0007ZNW1W,B0007ZKS00
B0007ZNW1W,B0007ZPY2C
B001JYVT60,B001HWD2OG
B000YSS7EO,B001O2DE1U
B000YSS7EO,B001QTKZ1I
B001EO7I38,B001UJEN6C
B000ESNDZW,B000LQLV6U
B001E4S7WE,B00110FN28
B001E4S7WE,B000H227BG
B001E4S7WE,B001LGGH40
B001E4S7WE,B000FA15RW
B001E4S7WE,B002DLXXHG
B000BF54MS,B001KVNDM0
B001EO69NS,B000H227BG
B001EO69NS,B000FKL0EU
B001EO69NS,B000EGZ9AG
B001DST6IK,B001CGTN1I
B001DST6IK,B0083QJU72
B001DST6IK,B000I1RHMU
B0015G862M,B000KV61FC
B000V9PH4O,B0018Z5V7I
B000V9PH4O,B001LGGH40
B000V9PH4O,B004P8JNFQ
B000V9PH4O,B003CK2BQG
B0016FRI8A,B0016FY6H6
B0016FRI8A,B001O832J8
B000FKAYO2,B001CWV4PA
B000FFVYF0,B000FFVYFA
B001HTIR6C,B001LG945O
B0012N65LC,B000I1RHMU
B000F70SO6,B001EPQQL2
B001ACNWY8,B001CWV4PA
B000FFVYFA,B000FFVYF0
B000PDY3P0,B000EMOD4I
B000GFYRIA,B000LKZ84C
B000F9XBJ8,B002ULC4F6
B000WHPNI0,B000E5AO8O
B000WHPNI0,B000BQUUTO
B000WHPNI0,B001M073C0
B001EQ5F9K,B001LGGH40
B000DZFMEQ,B0028VAQSU
B000DZFMEQ,B000EVIDUY
B005DDCKJ8,B000G6RYNE
B005DDCKJ8,B0085G4ACA
B005DDCKJ8,B00622CYVS
B005DDCKJ8,B00622CYVI
B005DDCKJ8,B001NJI7GQ
B005DDCKJ8,B00141UC9I
B005DDCKJ8,B000F0BXCE
B005DDCKJ8,B0058AMY74
B005DDCKJ8,B001AJ1ULS
B005DDCKJ8,B005GRAT4O
B005DDCKJ8,B0085G4A7U
B001BCVE5G,B0013E21V8
B001BCVE5G,B0036QHQ5C
B000EYRBSQ,B0034KP00S
B000EYRBSQ,B00141UC9I
B000EYRBSQ,B0021L8XT6
B000EYRBSQ,B0051TPWUI
B000EYRBSQ,B001AJ1ULS
B007M83302,B001RVFDOO
B007M83302,B000HKJNKQ
B007M83302,B000X2CWTM
B007M83302,B000E5AO8O
B007M83302,B001CD1VI4
B007M83302,B000FBM3YK
B007M83302,B000UVKZXQ
B007M83302,B0013NUGDE
B007M83302,B000EMOD4I
B007M83302,B000FBO9LK
B000FDMMVM,B000LKVDO6
B000FDMMVM,B000ILEVWO
B0006VB3TK,B0006VB3TA
B001ELL8CS,B000EVT04C
B0006VB3TA,B000E5AO8O
B0006VB3TA,B0006VB3TK
B0092X7NGU,B0092X7OGY
B0092X7NGU,B001M2B8QK
B0009F3SAA,B000ER1DIM
B000FA15RW,B001E50UEQ
B000FA15RW,B00016UX0K
B000FA15RW,B00110FN28
B000FA15RW,B000H227BG
B000FA15RW,B001E6K67Q
B000FA15RW,B001LGGH40
B000FA15RW,B000E1FXLG
B000FA15RW,B001ONPN9K
B000FA15RW,B001E4S7WE
B000FA15RW,B002DLXXHG
B000FA15RW,B000EMOD48
B000FA15RW,B001EQ4RWQ
B000FA15RW,B000V6HQPK
B000FA15RW,B001TZJ3OE
B001AJ1ULS,B0034KP00S
B001AJ1ULS,B00141UC9I
B001AJ1ULS,B001E5DQGK
B001AJ1ULS,B001E5DQGU
B001AJ1ULS,B000F0BXCE
B001AJ1ULS,B001LGGH40
B001AJ1ULS,B0021L8XT6
B001AJ1ULS,B0051TPWUI
B001AJ1ULS,B005DDCKJ8
B001AJ1ULS,B000EYRBSQ
B001VIWU76,B001E5E0I8
B0083QJU72,B001CGTN1I
B0083QJU72,B001DST6IK
B0083QJU72,B000I1RHMU
B000HDOPJW,B001LG945O
B001RQAVKK,B000G6RYNE
B001RQAVKK,B001E5E1NM
B001RQAVKK,B0058AMY74
B001RQAVKK,B000ICO8GW
B000G7P50M,B0012KH06Y
B000G7P50M,B0012KB4WU
B000G7P50M,B0012KH0CS
B006N3I84I,B000EGZ99M
B001FA1MF6,B001EO6FTQ
B001E5E0I8,B001VIWU76
B000LKVDUU,B001LGGH40
B000LKVDUU,B000LKVDO6
B001QTKZ1I,B001O2DE1U
B001QTKZ1I,B000YSS7EO
B001P3NU30,B00139TT72
B001P3NU30,B0012KB4M0
B000I1RHMU,B001LG945O
B000I1RHMU,B001CGTN1I
B000I1RHMU,B001LGGH40
B000I1RHMU,B001DST6IK
B000I1RHMU,B0012N65LC
B000I1RHMU,B0083QJU72
B000I1RHMU,B003CK2BQG
B002DLXXHG,B000VSDFRG
B002DLXXHG,B00110FN28
B002DLXXHG,B000H227BG
B002DLXXHG,B001LGGH40
B002DLXXHG,B000E1FXLG
B002DLXXHG,B001E4S7WE
B002DLXXHG,B000FA15RW
B002DLXXHG,B000FZ0TL0
B001FA1LL6,B001LGGH40
B000E1DSQS,B000BHREYW
B000E1DSQS,B000255OIG
B000E1DSQS,B000LKVDO6
B000E1DSQS,B0002I0GVI
B000NNGQRA,B0019SA1MY
B000EMOD4I,B000HKJNKQ
B000EMOD4I,B001CD1VI4
B000EMOD4I,B0013NUGDE
B000EMOD4I,B000PDY3P0
B000EMOD4I,B007M83302
B000GW46D4,B001AW9PTO
B000EMOD48,B00110FN28
B000EMOD48,B001ONPN9K
B000EMOD48,B000FA15RW
B005GRAT4O,B0085G4ACA
B005GRAT4O,B00622CYVS
B005GRAT4O,B00622CYVI
B005GRAT4O,B001O2IX8E
B005GRAT4O,B001NJI7GQ
B005GRAT4O,B005DDCKJ8
B0012KH0CS,B0012KH06Y
B0012KH0CS,B0012KB4WU
B0012KH0CS,B000G7P50M
B001M073C0,B000WHPNI0
B000O7IVKK,B0015TZAY6
B000LKXJEI,B0015R9BQG
B0085G4A7U,B0085G4ACA
B0085G4A7U,B00139TT72
B0085G4A7U,B001NJI7GQ
B0085G4A7U,B005DDCKJ8
B001ACMCNA,B00213ERI0
B001ACMCNA,B000PIQF8S
B002DHN1UE,B000AYDGZW
B000FBQ594,B0029KJ5BE
B000FBQ594,B000FBM3YK
B000FBQ594,B000II27QE
B000FBQ594,B000FBO9LK
B00014H710,B000PG1D1O
B000ND3JBG,B0001GDE1K
B001EO63H0,B000FBM3YK
B001EO63H0,B000FBO9LK
B0015TZAY6,B000O7IVKK
B001EQ4RWQ,B001E50UEQ
B001EQ4RWQ,B00016UX0K
B001EQ4RWQ,B00110FN28
B001EQ4RWQ,B001E6K67Q
B001EQ4RWQ,B000E1FXLG
B001EQ4RWQ,B000FA15RW
B001EQ4RWQ,B000V6HQPK
B001EQ4RWQ,B001TZJ3OE
B003CK2BQG,B000H227BG
B003CK2BQG,B0018Z5V7I
B003CK2BQG,B000FNADD6
B003CK2BQG,B001LGGH40
B003CK2BQG,B000EH0RU2
B003CK2BQG,B004P8JNFQ
B003CK2BQG,B000KV61FC
B003CK2BQG,B000V9PH4O
B003CK2BQG,B000I1RHMU
B000FA15IG,B001YJ8ITG
B000FBO9LK,B000FBM3YK
B000FBO9LK,B0013NUGDE
B000FBO9LK,B007M83302
B000FBO9LK,B000FBQ594
B000FBO9LK,B001EO63H0
B002R81L92,B001UFP1QC
B000LKVDO6,B001AW9PTO
B000LKVDO6,B000BHREYW
B000LKVDO6,B000255OIG
B000LKVDO6,B002BCE9JS
B000LKVDO6,B000LLM8DU
B000LKVDO6,B000FDMMVM
B000LKVDO6,B000LKVDUU
B000LKVDO6,B000E1DSQS
B000LKVDO6,B000E18CS2
B000LKVDO6,B0002I0GVI
B000LKVDO6,B000ILEVWO
B000F6SNPS,B001CD1VI4
B000F6SNPS,B001LGGH40
B000E18CS2,B000GZYAT6
B000E18CS2,B002BCE9JS
B000E18CS2,B000LKVDO6
B001ELL6WA,B002FVQX3A
B0027UQYZQ,B002MXSAD2
B000FZ0TL0,B000VSDFRG
B000FZ0TL0,B000E1FXLG
B000FZ0TL0,B002DLXXHG
B0002I0GVI,B000BHREYW
B0002I0GVI,B000255OIG
B0002I0GVI,B000E1DSQS
B0002I0GVI,B000LKVDO6
B000ILEVWO,B000FDMMVM
B000ILEVWO,B000LKVDO6
B002DHUCEM,B00126IBNE
B000EGZ9AQ,B000X2CWTM
B0017363E6,B0009JHVN6
B000EGZ9AG,B000G6MBX2
B000EGZ9AG,B000FKL0EU
B000EGZ9AG,B0013LWJ1S
B000EGZ9AG,B001EO69NS
B000V6HQPA,B001EQ5DHE
B000ICO8GW,B000G6RYNE
B000ICO8GW,B001E5E1NM
B000ICO8GW,B0058AMY74
B000ICO8GW,B001RQAVKK
B000V6HQPK,B001E50UEQ
B000V6HQPK,B00016UX0K
B000V6HQPK,B00110FN28
B000V6HQPK,B001E6K67Q
B000V6HQPK,B000E1FXLG
B000V6HQPK,B000FA15RW
B000V6HQPK,B001EQ4RWQ
B000V6HQPK,B001TZJ3OE
B001FKA84C,B005GIF5VU
B000AYDGZW,B002DHN1UE
B001HWD2OG,B001JYVT60
B000FFPXJ8,B000FFRU3U
B000S15BMS,B00016UX0K
B000S15BMS,B001LG945O
B000S15BMS,B001TZJ3OE
B005GIF5VU,B001LG945O
B005GIF5VU,B000BXUVYG
B005GIF5VU,B001FKA84C
B000E7QYNG,B001LGGH40
B001TZJ3OE,B001E50UEQ
B001TZJ3OE,B00016UX0K
B001TZJ3OE,B00110FN28
B001TZJ3OE,B001LG945O
B001TZJ3OE,B001E6K67Q
B001TZJ3OE,B000E1FXLG
B001TZJ3OE,B0002HAB32
B001TZJ3OE,B000FA15RW
B001TZJ3OE,B001EQ4RWQ
B001TZJ3OE,B000V6HQPK
B001TZJ3OE,B000S15BMS
